{
  "placeholderImages": [
    {
      "id": "pharmacy-1",
      "description": "A modern pharmacy interior",
      "imageUrl": "https://images.unsplash.com/photo-1765398073978-94f84257baf7?crop=entropy&cs=tinysrgb&fit=max&fm=jpg&ixid=M3w3NDE5ODJ8MHwxfHNlYXJjaHwxMHx8bW9kZXJuJTIwcGhhcm1hY3l8ZW58MHx8fHwxNzY5NzA4MzgzfDA&ixlib=rb-4.1.0&q=80&w=1080",
      "imageHint": "modern pharmacy"
    },
    {
      "id": "pharmacy-2",
      "description": "A friendly pharmacist at the counter",
      "imageUrl": "https://picsum.photos/seed/pharma2/600/400",
      "imageHint": "pharmacist counter"
    },
    {
      "id": "pharmacy-3",
      "description": "Shelves stocked with medicines",
      "imageUrl": "https://images.unsplash.com/photo-1652234439708-ff59278e74e5?crop=entropy&cs=tinysrgb&fit=max&fm=jpg&ixid=M3w3NDE5ODJ8MHwxfHNlYXJjaHw5fHxwaGFybWFjeSUyMHNoZWx2ZXN8ZW58MHx8fHwxNzY5NzA4MzgyfDA&ixlib=rb-4.1.0&q=80&w=1080",
      "imageHint": "pharmacy shelves"
    },
    {
      "id": "pharmacy-4",
      "description": "Exterior of a city pharmacy",
      "imageUrl": "https://images.unsplash.com/photo-1760992941591-6d7daeb35c62?crop=entropy&cs=tinysrgb&fit=max&fm=jpg&ixid=M3w3NDE5ODJ8MHwxfHNlYXJjaHwxMHx8cGhhcm1hY3klMjBleHRlcmlvcnxlbnwwfHx8fDE3Njk2OTI0Mzd8MA&ixlib=rb-4.1.0&q=80&w=1080",
      "imageHint": "pharmacy exterior"
    }
  ]
}